year,accuracy,nsample_water,nsample_other
2014,0.9931350114416476,1933,2000
2016,0.99525,2000,2000
2017,0.98825,2000,2000
2018,0.99125,2000,2000
2019,0.99275,2000,2000
2020,0.997,2000,2000
2021,0.9942231681362116,1289,2000
