year,accuracy,nsample_water,nsample_other
2014_byte,0.9841298796059832,3482,2000
2019_b,0.9737193763919821,3735,3000
2019_a,0.9635562675210252,3491,4000
2017,0.9511409395973154,4450,3000
2018,0.943267354335099,3174,4000
2020,0.9730178497301785,3227,4000
2021,0.980593290823399,3214,4000
2019_c,0.9810174639331815,1634,1000
2014,0.9964811260396673,1126,2000
2016,0.924198717948718,3240,3000
2017_b,0.9959415584415584,232,1000
