site,accuracy,nsample_water,nsample_other
rdg,0.9998415967052114,22,6291
tlb,0.9944331983805668,3420,2508
cbh,0.9897203123957012,9780,5201
