year,accuracy,nsample_water,nsample_other
2014_byte,0.9599188229325215,971,1000
2016,0.901,1000,1000
2017,0.9405,1000,1000
2018,0.895,1000,1000
2019,0.8895,1000,1000
2019_b,0.9315,1000,1000
2020,0.9487437185929648,990,1000
2021,0.9525,1000,1000
