site,accuracy,nsample_water,nsample_other
cbh,0.949794965258002,19170,15946
tlb,0.9797608095676172,11603,9050
rdg,0.99903784477229,232,6004
